{
    "client_id": "1",
    "content": ["8D855316386C8C79497FE10F92007BBC",
                "95A898D1DE84BC025321CFA25A887839"
            ],
    "actions": 
            [{"time": 1, 
                 "code": "Q",
                 "content_id": "2BDD2747A7FBF92F672CF18051E25020"
            },
            {"time": 2, 
                "code": "Q",
                "content_id": "1751D944B8F0FB30FC434001EF746916"
            },
            {"time": 3, 
                "code": "U"
            },
            {"time": 4, 
                "code": "P",
                "content_id": "2BDD2747A7FBF92F672CF18051E25020"
            },
            {"time": 5, 
                "code": "Q",
                "content_id": "169B99391095B46CB63DEB35D5D8CA84"
            },
            {"time": 6, 
                "code": "O",
                "client_id": "3"
            },
            {"time": 7, 
                "code": "Q",
                "content_id": "38C0FB895F58EBB85BE505C175341884"
            },
            {"time": 8, 
                "code": "M",
                "client_id": "2"
            }
        ]
}