{
    "client_id": "2",
    "content": ["1751D944B8F0FB30FC434001EF746916",
                "67ECEEBA8F192AB5B5A82D4E5D5F6C55"
            ],
    "actions": [{"time": 1, 
                 "code": "L"
            },
            {"time": 2, 
                "code": "Q",
                "content_id": "169B99391095B46CB63DEB35D5D8CA84"
            },
            {"time": 3, 
                "code": "Q",
                "content_id": "38C0FB895F58EBB85BE505C175341884"
            },
            {"time": 4, 
                "code": "P",
                "content_id": "169B99391095B46CB63DEB35D5D8CA84"
            },
            {"time": 5, 
                "code": "U"
            },
            {"time": 6, 
                "code": "M",
                "client_id": "1"
            },
            {"time": 7, 
                "code": "Q",
                "content_id": "169B99391095B46CB63DEB35D5D8CA84"
            },
            {"time": 8, 
                "code": "M",
                "client_id": "3"
            }
        ]
}
