{
    "client_id": "4",
    "content": ["169B99391095B46CB63DEB35D5D8CA84",
                "22DBEBE20E41F0126DFFE3782061377B"
            ],
    "actions": [{"time": 2, 
                "code": "Q",
                "content_id": "8D855316386C8C79497FE10F92007BBC"
            },
            {"time": 3, 
                "code": "L"
            },
            {"time": 4, 
                "code": "Q",
                "content_id": "95A898D1DE84BC025321CFA25A887839"
            },
            {"time": 5, 
                "code": "Q",
                "content_id": "2BDD2747A7FBF92F672CF18051E25020"
            },
            {"time": 8, 
                "code": "M",
                "client_id": "1"
            }
        ]
}
